{
  "Apple": [
    0.3308891296386719,
    0.5290847778320313
  ],
  "Banana": [
    0.221710205078125,
    0.3523712158203125
  ],
  "Guava": [
    0.2461528015136719,
    0.3979190063476563
  ],
  "Lime": [
    0.279510498046875,
    0.3777496337890625
  ],
  "Orange": [
    0.37088226318359385,
    0.5343475341796875
  ],
  "Pomegranate": [
    0.41894180297851563,
    0.532281494140625
  ],
  "_global": [
    0.3323138427734376,
    0.496988525390625
  ]
}